UID,iso2,iso3,code3,FIPS,Admin2,Province_State,Country_Region,Lat,Long_,Combined_Key,Date,Vaccine_Type,Doses_Admin
4,AF,AFG,4,,,,Afghanistan,33.93911,67.709953,Afghanistan,2021-08-23,All,1809517
8,AL,ALB,8,,,,Albania,41.1533,20.1683,Albania,2021-08-23,All,1340339
12,DZ,DZA,12,,,,Algeria,28.0339,1.6596,Algeria,2021-08-23,All,4146091
20,AD,AND,20,,,,Andorra,42.5063,1.5218,Andorra,2021-08-23,All,91660
24,AO,AGO,24,,,,Angola,-11.2027,17.8739,Angola,2021-08-23,All,1754073
28,AG,ATG,28,,,,Antigua and Barbuda,17.0608,-61.7964,Antigua and Barbuda,2021-08-23,All,71434
32,AR,ARG,32,,,,Argentina,-38.4161,-63.6167,Argentina,2021-08-23,All,39133726
3201,AR,ARG,32,,,Autonomous City of Buenos Aires,Argentina,-34.6037,-58.3816,"Autonomous City of Buenos Aires, Argentina",2021-08-23,All,3297127
3202,AR,ARG,32,,,Buenos Aires,Argentina,-37.2017,-59.8411,"Buenos Aires, Argentina",2021-08-23,All,14864618
3203,AR,ARG,32,,,Catamarca,Argentina,-27.0764,-66.9988,"Catamarca, Argentina",2021-08-23,All,351225
3204,AR,ARG,32,,,Chaco,Argentina,-26.5858,-60.954,"Chaco, Argentina",2021-08-23,All,874272
3205,AR,ARG,32,,,Chubut,Argentina,-43.6846,-69.2746,"Chubut, Argentina",2021-08-23,All,478740
3207,AR,ARG,32,,,Cordoba,Argentina,-32.2968,-63.5806,"Cordoba, Argentina",2021-08-23,All,3360013
3206,AR,ARG,32,,,Corrientes,Argentina,-28.5842,-58.0072,"Corrientes, Argentina",2021-08-23,All,873780
3208,AR,ARG,32,,,Entre Rios,Argentina,-32.5176,-59.1042,"Entre Rios, Argentina",2021-08-23,All,1100397
3209,AR,ARG,32,,,Formosa,Argentina,-25.3946,-58.7374,"Formosa, Argentina",2021-08-23,All,535037
3210,AR,ARG,32,,,Jujuy,Argentina,-22.6633,-66.2367,"Jujuy, Argentina",2021-08-23,All,654811
3211,AR,ARG,32,,,La Pampa,Argentina,-37.8957,-65.0958,"La Pampa, Argentina",2021-08-23,All,362685
3212,AR,ARG,32,,,La Rioja,Argentina,-29.9002,-66.9988,"La Rioja, Argentina",2021-08-23,All,364595
3213,AR,ARG,32,,,Mendoza,Argentina,-32.8895,-68.8458,"Mendoza, Argentina",2021-08-23,All,1670459
3214,AR,ARG,32,,,Misiones,Argentina,-26.9377,-54.4342,"Misiones, Argentina",2021-08-23,All,807307
3215,AR,ARG,32,,,Neuquen,Argentina,-38.8234,-69.6691,"Neuquen, Argentina",2021-08-23,All,600509
3216,AR,ARG,32,,,Rio Negro,Argentina,-40.7344,-66.6176,"Rio Negro, Argentina",2021-08-23,All,678220
3217,AR,ARG,32,,,Salta,Argentina,-24.7821,-65.4232,"Salta, Argentina",2021-08-23,All,1023711
3218,AR,ARG,32,,,San Juan,Argentina,-30.8725,-68.5247,"San Juan, Argentina",2021-08-23,All,683565
3219,AR,ARG,32,,,San Luis,Argentina,-33.8769,-66.2367,"San Luis, Argentina",2021-08-23,All,488386
3220,AR,ARG,32,,,Santa Cruz,Argentina,-48.7737,-69.1917,"Santa Cruz, Argentina",2021-08-23,All,289685
3221,AR,ARG,32,,,Santa Fe,Argentina,-30.2442,-60.5821,"Santa Fe, Argentina",2021-08-23,All,3267617
3222,AR,ARG,32,,,Santiago del Estero,Argentina,-28.1866,-63.5806,"Santiago del Estero, Argentina",2021-08-23,All,888241
3223,AR,ARG,32,,,Tierra del Fuego,Argentina,-54.3084,-67.7452,"Tierra del Fuego, Argentina",2021-08-23,All,155553
3224,AR,ARG,32,,,Tucuman,Argentina,-26.9468,-65.2857,"Tucuman, Argentina",2021-08-23,All,1463173
51,AM,ARM,51,,,,Armenia,40.0691,45.0382,Armenia,2021-08-23,All,220236
36,AU,AUS,36,,,,Australia,-25.0,133.0,Australia,2021-08-23,All,17011099
3601,AU,AUS,36,,,Australian Capital Territory,Australia,-35.4735,149.0124,"Australian Capital Territory, Australia",2021-08-23,All,402639
3602,AU,AUS,36,,,New South Wales,Australia,-33.8688,151.2093,"New South Wales, Australia",2021-08-23,All,5845663
3603,AU,AUS,36,,,Northern Territory,Australia,-12.4634,130.8456,"Northern Territory, Australia",2021-08-23,All,193554
3604,AU,AUS,36,,,Queensland,Australia,-27.4698,153.0251,"Queensland, Australia",2021-08-23,All,3101250
3605,AU,AUS,36,,,South Australia,Australia,-34.9285,138.6007,"South Australia, Australia",2021-08-23,All,1130060
3606,AU,AUS,36,,,Tasmania,Australia,-42.8821,147.3272,"Tasmania, Australia",2021-08-23,All,407406
3609,AU,AUS,36,,,Unknown,Australia,,,"Unknown, Australia",2021-08-23,All,0
3607,AU,AUS,36,,,Victoria,Australia,-37.8136,144.9631,"Victoria, Australia",2021-08-23,All,4385028
3608,AU,AUS,36,,,Western Australia,Australia,-31.9505,115.8605,"Western Australia, Australia",2021-08-23,All,1545499
40,AT,AUT,40,,,,Austria,47.5162,14.5501,Austria,2021-08-23,All,10317882
31,AZ,AZE,31,,,,Azerbaijan,40.1431,47.5769,Azerbaijan,2021-08-23,All,6110185
44,BS,BHS,44,,,,Bahamas,25.025885,-78.035889,Bahamas,2021-08-23,All,119473
48,BH,BHR,48,,,,Bahrain,26.0275,50.55,Bahrain,2021-08-23,All,2449543
50,BD,BGD,50,,,,Bangladesh,23.685,90.3563,Bangladesh,2021-08-23,All,22813877
5001,BD,BGD,50,,,Barisal,Bangladesh,23.685,90.3563,"Barisal, Bangladesh",2021-08-23,All,1239546
5002,BD,BGD,50,,,Chittagong,Bangladesh,23.685,90.3563,"Chittagong, Bangladesh",2021-08-23,All,4445965
5003,BD,BGD,50,,,Dhaka,Bangladesh,23.685,90.3563,"Dhaka, Bangladesh",2021-08-23,All,7144175
5004,BD,BGD,50,,,Khulna,Bangladesh,23.685,90.3563,"Khulna, Bangladesh",2021-08-23,All,2508363
5005,BD,BGD,50,,,Mymensingh,Bangladesh,23.685,90.3563,"Mymensingh, Bangladesh",2021-08-23,All,1305603
5006,BD,BGD,50,,,Rajshahi,Bangladesh,23.685,90.3563,"Rajshahi, Bangladesh",2021-08-23,All,2601201
5007,BD,BGD,50,,,Rangpur,Bangladesh,23.685,90.3563,"Rangpur, Bangladesh",2021-08-23,All,2287998
5008,BD,BGD,50,,,Sylhet,Bangladesh,23.685,90.3563,"Sylhet, Bangladesh",2021-08-23,All,1281026
5009,BD,BGD,50,,,Unknown,Bangladesh,23.685,90.3563,"Unknown, Bangladesh",2021-08-23,All,0
52,BB,BRB,52,,,,Barbados,13.1939,-59.5432,Barbados,2021-08-23,All,190718
112,BY,BLR,112,,,,Belarus,53.7098,27.9534,Belarus,2021-08-23,All,2684863
56,BE,BEL,56,,,,Belgium,50.8333,4.469936,Belgium,2021-08-23,All,15782561
84,BZ,BLZ,84,,,,Belize,17.1899,-88.4976,Belize,2021-08-23,All,212380
64,BT,BTN,64,,,,Bhutan,27.5142,90.4336,Bhutan,2021-08-23,All,1035510
68,BO,BOL,68,,,,Bolivia,-16.2902,-63.5887,Bolivia,2021-08-23,All,5340943
70,BA,BIH,70,,,,Bosnia and Herzegovina,43.9159,17.6791,Bosnia and Herzegovina,2021-08-23,All,928126
72,BW,BWA,72,,,,Botswana,-22.3285,24.6849,Botswana,2021-08-23,All,408023
76,BR,BRA,76,,,,Brazil,-14.235,-51.9253,Brazil,2021-08-23,All,176616552
7601,BR,BRA,76,,,Acre,Brazil,-9.0238,-70.812,"Acre, Brazil",2021-08-23,All,628286
7602,BR,BRA,76,,,Alagoas,Brazil,-9.5713,-36.782,"Alagoas, Brazil",2021-08-23,All,2353112
7603,BR,BRA,76,,,Amapa,Brazil,0.902,-52.003,"Amapa, Brazil",2021-08-23,All,492486
7604,BR,BRA,76,,,Amazonas,Brazil,-3.4168,-65.8561,"Amazonas, Brazil",2021-08-23,All,2723150
7605,BR,BRA,76,,,Bahia,Brazil,-12.5797,-41.7007,"Bahia, Brazil",2021-08-23,All,9891766
7606,BR,BRA,76,,,Ceara,Brazil,-5.4984,-39.3206,"Ceara, Brazil",2021-08-23,All,4523555
7607,BR,BRA,76,,,Distrito Federal,Brazil,-15.7998,-47.8645,"Distrito Federal, Brazil",2021-08-23,All,2441366
7608,BR,BRA,76,,,Espirito Santo,Brazil,-19.1834,-40.3089,"Espirito Santo, Brazil",2021-08-23,All,3386177
7609,BR,BRA,76,,,Goias,Brazil,-15.827,-49.8362,"Goias, Brazil",2021-08-23,All,5328639
7610,BR,BRA,76,,,Maranhao,Brazil,-4.9609,-45.2744,"Maranhao, Brazil",2021-08-23,All,4666082
7611,BR,BRA,76,,,Mato Grosso,Brazil,-12.6819,-56.9211,"Mato Grosso, Brazil",2021-08-23,All,2525839
7612,BR,BRA,76,,,Mato Grosso do Sul,Brazil,-20.7722,-54.7852,"Mato Grosso do Sul, Brazil",2021-08-23,All,2799781
7613,BR,BRA,76,,,Minas Gerais,Brazil,-18.5122,-44.555,"Minas Gerais, Brazil",2021-08-23,All,16155566
7614,BR,BRA,76,,,Para,Brazil,-1.9981,-54.9306,"Para, Brazil",2021-08-23,All,4734979
7615,BR,BRA,76,,,Paraiba,Brazil,-7.24,-36.782,"Paraiba, Brazil",2021-08-23,All,3128121
7616,BR,BRA,76,,,Parana,Brazil,-25.2521,-52.0215,"Parana, Brazil",2021-08-23,All,9804224
7617,BR,BRA,76,,,Pernambuco,Brazil,-8.8137,-36.9541,"Pernambuco, Brazil",2021-08-23,All,6485637
7618,BR,BRA,76,,,Piaui,Brazil,-7.7183,-42.7289,"Piaui, Brazil",2021-08-23,All,2326393
7620,BR,BRA,76,,,Rio Grande do Norte,Brazil,-5.4026,-36.9541,"Rio Grande do Norte, Brazil",2021-08-23,All,2595584
7621,BR,BRA,76,,,Rio Grande do Sul,Brazil,-30.0346,-51.2177,"Rio Grande do Sul, Brazil",2021-08-23,All,10907480
7619,BR,BRA,76,,,Rio de Janeiro,Brazil,-22.9068,-43.1729,"Rio de Janeiro, Brazil",2021-08-23,All,14148628
7622,BR,BRA,76,,,Rondonia,Brazil,-11.5057,-63.5806,"Rondonia, Brazil",2021-08-23,All,1256703
7623,BR,BRA,76,,,Roraima,Brazil,-2.7376,-62.0751,"Roraima, Brazil",2021-08-23,All,355312
7624,BR,BRA,76,,,Santa Catarina,Brazil,-27.2423,-50.2189,"Santa Catarina, Brazil",2021-08-23,All,6104099
7625,BR,BRA,76,,,Sao Paulo,Brazil,-23.5505,-46.6333,"Sao Paulo, Brazil",2021-08-23,All,45557974
7626,BR,BRA,76,,,Sergipe,Brazil,-10.5741,-37.3857,"Sergipe, Brazil",2021-08-23,All,1395496
7627,BR,BRA,76,,,Tocantins,Brazil,-10.1753,-48.2982,"Tocantins, Brazil",2021-08-23,All,1085163
7628,BR,BRA,76,,,Unknown,Brazil,,,"Unknown, Brazil",2021-08-23,All,8814954
96,BN,BRN,96,,,,Brunei,4.5353,114.7277,Brunei,2021-08-23,All,246716
100,BG,BGR,100,,,,Bulgaria,42.7339,25.4858,Bulgaria,2021-08-23,All,2218947
104,MM,MMR,104,,,,Burma,21.9162,95.956,Burma,2021-08-23,All,3500000
116,KH,KHM,116,,,,Cambodia,11.55,104.9167,Cambodia,2021-08-23,All,16928413
120,CM,CMR,120,,,,Cameroon,3.8480000000000003,11.5021,Cameroon,2021-08-23,All,412524
124,CA,CAN,124,,,,Canada,60.0,-95.0,Canada,2021-08-23,All,52379446
12401,CA,CAN,124,,,Alberta,Canada,53.9333,-116.5765,"Alberta, Canada",2021-08-23,All,5477098
12402,CA,CAN,124,,,British Columbia,Canada,53.7267,-127.6476,"British Columbia, Canada",2021-08-23,All,7296096
12403,CA,CAN,124,,,Manitoba,Canada,53.7609,-98.8139,"Manitoba, Canada",2021-08-23,All,1872086
12404,CA,CAN,124,,,New Brunswick,Canada,46.5653,-66.4619,"New Brunswick, Canada",2021-08-23,All,1082569
12405,CA,CAN,124,,,Newfoundland and Labrador,Canada,53.1355,-57.6604,"Newfoundland and Labrador, Canada",2021-08-23,All,760145
12406,CA,CAN,124,,,Northwest Territories,Canada,64.8255,-124.8457,"Northwest Territories,Canada",2021-08-23,All,65467
12407,CA,CAN,124,,,Nova Scotia,Canada,44.681999999999995,-63.7443,"Nova Scotia, Canada",2021-08-23,All,1422963
12416,CA,CAN,124,,,Nunavut,Canada,70.2998,-83.1076,"Nunavut, Canada",2021-08-23,All,43628
12408,CA,CAN,124,,,Ontario,Canada,51.2538,-85.3232,"Ontario, Canada",2021-08-23,All,20466975
12409,CA,CAN,124,,,Prince Edward Island,Canada,46.5107,-63.4168,"Prince Edward Island, Canada",2021-08-23,All,232741
12410,CA,CAN,124,,,Quebec,Canada,52.9399,-73.5491,"Quebec, Canada",2021-08-23,All,12134097
12411,CA,CAN,124,,,Saskatchewan,Canada,52.9399,-106.4509,"Saskatchewan, Canada",2021-08-23,All,1460986
12412,CA,CAN,124,,,Yukon,Canada,64.2823,-135.0,"Yukon, Canada",2021-08-23,All,64595
152,CL,CHL,152,,,,Chile,-35.6751,-71.543,Chile,2021-08-23,All,27949717
156,CN,CHN,156,,,,China,35.8617,104.19545,China,2021-08-23,All,1935869000
344,HK,HKG,344,,,Hong Kong,China,22.3,114.2,"Hong Kong, China",2021-08-23,All,7054102
446,MO,MAC,446,,,Macau,China,22.1667,113.55,"Macau, China",2021-08-23,All,568863
170,CO,COL,170,,,,Colombia,4.5709,-74.2973,Colombia,2021-08-23,All,33255471
17001,CO,COL,170,,,Amazonas,Colombia,-1.4429,-71.5724,"Amazonas, Colombia",2021-08-23,All,69416
17002,CO,COL,170,,,Antioquia,Colombia,7.1986,-75.3412,"Antioquia, Colombia",2021-08-23,All,4770377
17003,CO,COL,170,,,Arauca,Colombia,7.0762,-70.7105,"Arauca, Colombia",2021-08-23,All,148935
17004,CO,COL,170,,,Atlantico,Colombia,10.6966,-74.8741,"Atlantico, Colombia",2021-08-23,All,1705443
17005,CO,COL,170,,,Bolivar,Colombia,8.6704,-74.03,"Bolivar, Colombia",2021-08-23,All,1297672
17006,CO,COL,170,,,Boyaca,Colombia,5.4545,-73.362,"Boyaca, Colombia",2021-08-23,All,987984
17007,CO,COL,170,,,Caldas,Colombia,5.2983,-75.2479,"Caldas, Colombia",2021-08-23,All,734509
17008,CO,COL,170,,,Capital District,Colombia,4.711,-74.0721,"Capital District, Colombia",2021-08-23,All,6129258
17009,CO,COL,170,,,Caqueta,Colombia,0.8699,-73.8419,"Caqueta, Colombia",2021-08-23,All,205470
17010,CO,COL,170,,,Casanare,Colombia,5.7589,-71.5724,"Casanare, Colombia",2021-08-23,All,252825
17011,CO,COL,170,,,Cauca,Colombia,2.705,-76.82600000000001,"Cauca, Colombia",2021-08-23,All,568412
17012,CO,COL,170,,,Cesar,Colombia,9.3373,-73.6536,"Cesar, Colombia",2021-08-23,All,578142
17013,CO,COL,170,,,Choco,Colombia,5.2528,-76.82600000000001,"Choco, Colombia",2021-08-23,All,164088
17014,CO,COL,170,,,Cordoba,Colombia,8.0493,-75.574,"Cordoba, Colombia",2021-08-23,All,905008
17015,CO,COL,170,,,Cundinamarca,Colombia,5.026,-74.03,"Cundinamarca, Colombia",2021-08-23,All,1953451
17016,CO,COL,170,,,Guainia,Colombia,2.5854,-68.5247,"Guainia, Colombia",2021-08-23,All,24287
17017,CO,COL,170,,,Guaviare,Colombia,1.0654,-73.2603,"Guaviare, Colombia",2021-08-23,All,41064
17018,CO,COL,170,,,Huila,Colombia,2.5359,-75.5277,"Huila, Colombia",2021-08-23,All,661308
17019,CO,COL,170,,,La Guajira,Colombia,11.3548,-72.5205,"La Guajira, Colombia",2021-08-23,All,462780
17020,CO,COL,170,,,Magdalena,Colombia,10.4113,-74.4057,"Magdalena, Colombia",2021-08-23,All,697152
17021,CO,COL,170,,,Meta,Colombia,3.272,-73.0877,"Meta, Colombia",2021-08-23,All,564611
17022,CO,COL,170,,,Narino,Colombia,1.2892,-77.3579,"Narino, Colombia",2021-08-23,All,974928
17023,CO,COL,170,,,Norte de Santander,Colombia,7.9463,-72.8988,"Norte de Santander, Colombia",2021-08-23,All,950719
17024,CO,COL,170,,,Putumayo,Colombia,0.436,-75.5277,"Putumayo, Colombia",2021-08-23,All,137941
17025,CO,COL,170,,,Quindio,Colombia,4.461,-75.6674,"Quindio, Colombia",2021-08-23,All,453338
17026,CO,COL,170,,,Risaralda,Colombia,5.3158,-75.9928,"Risaralda, Colombia",2021-08-23,All,736051
17027,CO,COL,170,,,San Andres y Providencia,Colombia,12.5567,-81.7185,"San Andres y Providencia, Colombia",2021-08-23,All,75092
17028,CO,COL,170,,,Santander,Colombia,6.6437,-73.6536,"Santander, Colombia",2021-08-23,All,1658734
17029,CO,COL,170,,,Sucre,Colombia,8.814,-74.7233,"Sucre, Colombia",2021-08-23,All,529203
17030,CO,COL,170,,,Tolima,Colombia,4.0925,-75.1545,"Tolima, Colombia",2021-08-23,All,943114
17034,CO,COL,170,,,Unknown,Colombia,,,"Unknown, Colombia",2021-08-23,All,811487
17031,CO,COL,170,,,Valle del Cauca,Colombia,3.8009,-76.6413,"Valle del Cauca, Colombia",2021-08-23,All,3019475
17032,CO,COL,170,,,Vaupes,Colombia,0.8554,-70.812,"Vaupes, Colombia",2021-08-23,All,18435
17033,CO,COL,170,,,Vichada,Colombia,4.4234,-69.2878,"Vichada, Colombia",2021-08-23,All,24762
188,CR,CRI,188,,,,Costa Rica,9.7489,-83.7534,Costa Rica,2021-08-23,All,3848155
384,CI,CIV,384,,,,Cote d'Ivoire,7.54,-5.5471,Cote d'Ivoire,2021-08-23,All,1264058
191,HR,HRV,191,,,,Croatia,45.1,15.2,Croatia,2021-08-23,All,3208101
196,CY,CYP,196,,,,Cyprus,35.1264,33.4299,Cyprus,2021-08-23,All,1068962
203,CZ,CZE,203,,,,Czechia,49.8175,15.472999999999999,Czechia,2021-08-23,All,11201375
20301,CZ,CZE,203,,,Jihocesky,Czechia,48.9458,14.4416,"Jihocesky, Czechia",2021-08-23,All,683673
20302,CZ,CZE,203,,,Jihomoravsky,Czechia,48.9545,16.7677,"Jihomoravsky, Czechia",2021-08-23,All,1264727
20303,CZ,CZE,203,,,Karlovarsky,Czechia,50.2319,12.872,"Karlovarsky, Czechia",2021-08-23,All,299379
20304,CZ,CZE,203,,,Kralovehradecky,Czechia,50.2104,15.8252,"Kralovehradecky, Czechia",2021-08-23,All,583101
20305,CZ,CZE,203,,,Liberecky,Czechia,50.7663,15.0543,"Liberecky, Czechia",2021-08-23,All,438875
20306,CZ,CZE,203,,,Moravskoslezsky,Czechia,49.7305,18.2333,"Moravskoslezsky, Czechia",2021-08-23,All,1150767
20307,CZ,CZE,203,,,Olomoucky,Czechia,49.6587,17.0811,"Olomoucky, Czechia",2021-08-23,All,596851
20308,CZ,CZE,203,,,Pardubicky,Czechia,49.9444,16.2857,"Pardubicky, Czechia",2021-08-23,All,490832
20309,CZ,CZE,203,,,Plzensky,Czechia,49.4135,13.3157,"Plzensky, Czechia",2021-08-23,All,609550
20310,CZ,CZE,203,,,Prague,Czechia,50.07365,14.4185,"Prague, Czechia",2021-08-23,All,2017584
20311,CZ,CZE,203,,,Stredocesky,Czechia,49.8782,14.9363,"Stredocesky, Czechia",2021-08-23,All,1168324
20315,CZ,CZE,203,,,Unknown,Czechia,,,"Unknown, Czechia",2021-08-23,All,0
20312,CZ,CZE,203,,,Ustecky,Czechia,50.6611,14.0531,"Ustecky, Czechia",2021-08-23,All,796937
20313,CZ,CZE,203,,,Vysocina,Czechia,49.8175,15.472999999999999,"Vysocina, Czechia",2021-08-23,All,522395
20314,CZ,CZE,203,,,Zlinsky,Czechia,49.2244,17.6628,"Zlinsky, Czechia",2021-08-23,All,578380
208,DK,DNK,208,,,,Denmark,56.2639,9.5018,Denmark,2021-08-23,All,8338662
234,FO,FRO,234,,,Faroe Islands,Denmark,61.8926,-6.9118,"Faroe Islands, Denmark",2021-08-23,All,69950
304,GL,GRL,304,,,Greenland,Denmark,71.7069,-42.6043,"Greenland, Denmark",2021-08-23,All,70371
212,DM,DMA,212,,,,Dominica,15.415,-61.371,Dominica,2021-08-23,All,41435
214,DO,DOM,214,,,,Dominican Republic,18.7357,-70.1627,Dominican Republic,2021-08-23,All,10841175
218,EC,ECU,218,,,,Ecuador,-1.8312,-78.1834,Ecuador,2021-08-23,All,16500237
818,EG,EGY,818,,,,Egypt,26.820553000000004,30.802497999999996,Egypt,2021-08-23,All,6477535
222,SV,SLV,222,,,,El Salvador,13.7942,-88.8965,El Salvador,2021-08-23,All,5602223
226,GQ,GNQ,226,,,,Equatorial Guinea,1.6508,10.2679,Equatorial Guinea,2021-08-23,All,329229
233,EE,EST,233,,,,Estonia,58.5953,25.0136,Estonia,2021-08-23,All,1234275
23301,EE,EST,233,,,Harju,Estonia,59.3334,25.2467,"Harju, Estonia",2021-08-23,All,540769
23302,EE,EST,233,,,Hiiu,Estonia,58.924,22.5919,"Hiiu, Estonia",2021-08-23,All,11704
23303,EE,EST,233,,,Ida-Viru,Estonia,59.2593,27.4137,"Ida-Viru, Estonia",2021-08-23,All,89551
23304,EE,EST,233,,,Jarva,Estonia,58.8867,25.5001,"Jarva, Estonia",2021-08-23,All,30233
23305,EE,EST,233,,,Jogeva,Estonia,58.7506,26.3605,"Jogeva, Estonia",2021-08-23,All,29469
23306,EE,EST,233,,,Laane,Estonia,58.9723,23.8741,"Laane, Estonia",2021-08-23,All,20654
23307,EE,EST,233,,,Laane-Viru,Estonia,59.3019,26.328,"Laane-Viru, Estonia",2021-08-23,All,57090
23308,EE,EST,233,,,Parnu,Estonia,58.5262,24.402,"Parnu, Estonia",2021-08-23,All,77841
23309,EE,EST,233,,,Polva,Estonia,58.1161,27.2066,"Polva, Estonia",2021-08-23,All,24056
23310,EE,EST,233,,,Rapla,Estonia,58.8493,24.7347,"Rapla, Estonia",2021-08-23,All,32057
23311,EE,EST,233,,,Saare,Estonia,58.485,22.6136,"Saare, Estonia",2021-08-23,All,33587
23312,EE,EST,233,,,Tartu,Estonia,58.4057,26.8016,"Tartu, Estonia",2021-08-23,All,166394
23316,EE,EST,233,,,Unknown,Estonia,,,"Unknown, Estonia",2021-08-23,All,18886
23313,EE,EST,233,,,Valga,Estonia,57.9103,26.1602,"Valga, Estonia",2021-08-23,All,24474
23314,EE,EST,233,,,Viljandi,Estonia,58.2822,25.5752,"Viljandi, Estonia",2021-08-23,All,46416
23315,EE,EST,233,,,Voru,Estonia,57.7377,27.1399,"Voru, Estonia",2021-08-23,All,31094
748,SZ,SWZ,748,,,,Eswatini,-26.5225,31.4659,Eswatini,2021-08-23,All,181290
231,ET,ETH,231,,,,Ethiopia,9.145,40.4897,Ethiopia,2021-08-23,All,2333796
242,FJ,FJI,242,,,,Fiji,-17.7134,178.065,Fiji,2021-08-23,All,745201
246,FI,FIN,246,,,,Finland,61.92411,25.748151,Finland,2021-08-23,All,6516711
250,FR,FRA,250,,,,France,46.2276,2.2137,France,2021-08-23,All,83122178
266,GA,GAB,266,,,,Gabon,-0.8037,11.6094,Gabon,2021-08-23,All,127757
270,GM,GMB,270,,,,Gambia,13.4432,-15.3101,Gambia,2021-08-23,All,321385
268,GE,GEO,268,,,,Georgia,42.3154,43.3569,Georgia,2021-08-23,All,907665
276,DE,DEU,276,,,,Germany,51.165690999999995,10.451526,Germany,2021-08-23,All,99340944
288,GH,GHA,288,,,,Ghana,7.9465,-1.0232,Ghana,2021-08-23,All,1271393
300,GR,GRC,300,,,,Greece,39.0742,21.8243,Greece,2021-08-23,All,11154395
308,GD,GRD,308,,,,Grenada,12.1165,-61.678999999999995,Grenada,2021-08-23,All,39121
320,GT,GTM,320,,,,Guatemala,15.7835,-90.2308,Guatemala,2021-08-23,All,3790899
324,GN,GIN,324,,,,Guinea,9.9456,-9.6966,Guinea,2021-08-23,All,980005
328,GY,GUY,328,,,,Guyana,4.860416000000001,-58.93018000000001,Guyana,2021-08-23,All,434965
340,HN,HND,340,,,,Honduras,15.2,-86.2419,Honduras,2021-08-23,All,3292889
348,HU,HUN,348,,,,Hungary,47.1625,19.5033,Hungary,2021-08-23,All,10555046
352,IS,ISL,352,,,,Iceland,64.9631,-19.0208,Iceland,2021-08-23,All,514447
356,IN,IND,356,,,,India,20.593684,78.96288,India,2021-08-23,All,581489377
35601,IN,IND,356,,,Andaman and Nicobar Islands,India,11.225999,92.96817800000001,"Andaman and Nicobar Islands, India",2021-08-23,All,338649
35602,IN,IND,356,,,Andhra Pradesh,India,15.9129,79.74,"Andhra Pradesh, India",2021-08-23,All,26377221
35603,IN,IND,356,,,Arunachal Pradesh,India,27.768456,96.384277,"Arunachal Pradesh, India",2021-08-23,All,920924
35604,IN,IND,356,,,Assam,India,26.357149,92.83044100000001,"Assam, India",2021-08-23,All,15506704
35605,IN,IND,356,,,Bihar,India,25.679658,85.60484,"Bihar, India",2021-08-23,All,32342472
35606,IN,IND,356,,,Chandigarh,India,30.733839,76.76827800000001,"Chandigarh, India",2021-08-23,All,1044255
35607,IN,IND,356,,,Chhattisgarh,India,21.264705,82.035366,"Chhattisgarh, India",2021-08-23,All,13441332
35608,IN,IND,356,,,Dadra and Nagar Haveli and Daman and Diu,India,20.194742,73.080901,"Dadra and Nagar Haveli and Daman and Diu, India",2021-08-23,All,716972
35609,IN,IND,356,,,Delhi,India,28.646519,77.10898,"Delhi, India",2021-08-23,All,12326282
35610,IN,IND,356,,,Goa,India,15.359682000000001,74.057396,"Goa, India",2021-08-23,All,1500389
35611,IN,IND,356,,,Gujarat,India,22.694884,71.590923,"Gujarat, India",2021-08-23,All,42704816
35612,IN,IND,356,,,Haryana,India,29.20004,76.332824,"Haryana, India",2021-08-23,All,14675594
35613,IN,IND,356,,,Himachal Pradesh,India,31.927213000000002,77.233081,"Himachal Pradesh, India",2021-08-23,All,6864521
35614,IN,IND,356,,,Jammu and Kashmir,India,33.75943,76.612638,"Jammu and Kashmir, India",2021-08-23,All,7426028
35615,IN,IND,356,,,Jharkhand,India,23.654536,85.557631,"Jharkhand, India",2021-08-23,All,11586874
35616,IN,IND,356,,,Karnataka,India,14.705179999999999,76.166436,"Karnataka, India",2021-08-23,All,36759361
35617,IN,IND,356,,,Kerala,India,10.450898,76.405749,"Kerala, India",2021-08-23,All,25733123
35618,IN,IND,356,,,Ladakh,India,34.1526,77.5771,"Ladakh, India",2021-08-23,All,267490
35637,IN,IND,356,,,Lakshadweep,India,13.699997199999999,72.18333259999999,"Lakshadweep, India",2021-08-23,All,71168
35619,IN,IND,356,,,Madhya Pradesh,India,23.541513000000002,78.289633,"Madhya Pradesh, India",2021-08-23,All,40136448
35620,IN,IND,356,,,Maharashtra,India,19.449759,76.108221,"Maharashtra, India",2021-08-23,All,53004513
35621,IN,IND,356,,,Manipur,India,24.738975,93.882541,"Manipur, India",2021-08-23,All,1479237
35622,IN,IND,356,,,Meghalaya,India,25.536934,91.278882,"Meghalaya, India",2021-08-23,All,1281288
35623,IN,IND,356,,,Mizoram,India,23.309381,92.83821999999999,"Mizoram, India",2021-08-23,All,891467
35624,IN,IND,356,,,Nagaland,India,26.06702,94.470302,"Nagaland, India",2021-08-23,All,826449
35625,IN,IND,356,,,Odisha,India,20.505428,84.418059,"Odisha, India",2021-08-23,All,20501905
35626,IN,IND,356,,,Puducherry,India,11.882658000000001,78.86498,"Puducherry, India",2021-08-23,All,790485
35627,IN,IND,356,,,Punjab,India,30.841465000000003,75.40879,"Punjab, India",2021-08-23,All,12306900
35628,IN,IND,356,,,Rajasthan,India,26.583423,73.847973,"Rajasthan, India",2021-08-23,All,39731704
35629,IN,IND,356,,,Sikkim,India,27.571671000000002,88.472712,"Sikkim, India",2021-08-23,All,667998
35630,IN,IND,356,,,Tamil Nadu,India,11.006091,78.400624,"Tamil Nadu, India",2021-08-23,All,28403273
35631,IN,IND,356,,,Telangana,India,18.1124,79.0193,"Telangana, India",2021-08-23,All,16862409
35632,IN,IND,356,,,Tripura,India,23.746782999999997,91.743565,"Tripura, India",2021-08-23,All,3292357
35636,IN,IND,356,,,Unknown,India,,,"Unknown, India",2021-08-23,All,3454331
35633,IN,IND,356,,,Uttar Pradesh,India,26.925425,80.560982,"Uttar Pradesh, India",2021-08-23,All,63439200
35634,IN,IND,356,,,Uttarakhand,India,30.156446999999996,79.197608,"Uttarakhand, India",2021-08-23,All,7727437
35635,IN,IND,356,,,West Bengal,India,23.814082,87.979803,"West Bengal, India",2021-08-23,All,36087801
360,ID,IDN,360,,,,Indonesia,-0.7893,113.9213,Indonesia,2021-08-23,All,88901297
360001,ID,IDN,360,,,Aceh,Indonesia,4.6951,96.7494,"Aceh, Indonesia",2021-08-23,All,1065222
360002,ID,IDN,360,,,Bali,Indonesia,-8.3405,115.092,"Bali, Indonesia",2021-08-23,All,4737788
360003,ID,IDN,360,,,Bangka Belitung Islands,Indonesia,-2.7411,106.4406,"Bangka Belitung Islands, Indonesia",2021-08-23,All,427373
360004,ID,IDN,360,,,Banten,Indonesia,-2.7411,106.4406,"Banten, Indonesia",2021-08-23,All,3778439
360005,ID,IDN,360,,,Bengkulu,Indonesia,-3.7928,102.2608,"Bengkulu, Indonesia",2021-08-23,All,457175
360006,ID,IDN,360,,,Central Java,Indonesia,-7.151,110.1403,"Central Java, Indonesia",2021-08-23,All,10262608
360007,ID,IDN,360,,,Central Kalimantan,Indonesia,-1.6815,113.3824,"Central Kalimantan, Indonesia",2021-08-23,All,811848
360008,ID,IDN,360,,,Central Sulawesi,Indonesia,-1.43,121.4456,"Central Sulawesi, Indonesia",2021-08-23,All,572947
360009,ID,IDN,360,,,East Java,Indonesia,-7.5361,112.2384,"East Java, Indonesia",2021-08-23,All,13584497
360010,ID,IDN,360,,,East Kalimantan,Indonesia,0.5387,116.4194,"East Kalimantan, Indonesia",2021-08-23,All,1086772
360011,ID,IDN,360,,,East Nusa Tenggara,Indonesia,-8.6574,121.0794,"East Nusa Tenggara, Indonesia",2021-08-23,All,1085443
360012,ID,IDN,360,,,Gorontalo,Indonesia,0.5435,123.0568,"Gorontalo, Indonesia",2021-08-23,All,338199
360014,ID,IDN,360,,,Jambi,Indonesia,-1.6101,103.6131,"Jambi, Indonesia",2021-08-23,All,1172596
360015,ID,IDN,360,,,Lampung,Indonesia,-4.5586,105.4068,"Lampung, Indonesia",2021-08-23,All,1255019
360016,ID,IDN,360,,,Maluku,Indonesia,-3.2385,130.1453,"Maluku, Indonesia",2021-08-23,All,378087
360017,ID,IDN,360,,,North Kalimantan,Indonesia,3.0731,116.0414,"North Kalimantan, Indonesia",2021-08-23,All,181291
360018,ID,IDN,360,,,North Maluku,Indonesia,1.571,127.8088,"North Maluku, Indonesia",2021-08-23,All,217960
360019,ID,IDN,360,,,North Sulawesi,Indonesia,0.6247,123.975,"North Sulawesi, Indonesia",2021-08-23,All,1089368
360020,ID,IDN,360,,,North Sumatra,Indonesia,2.1154,99.5451,"North Sumatra, Indonesia",2021-08-23,All,3679168
360021,ID,IDN,360,,,Papua,Indonesia,-4.2699,138.0804,"Papua, Indonesia",2021-08-23,All,686611
360022,ID,IDN,360,,,Riau,Indonesia,0.2933,101.7068,"Riau, Indonesia",2021-08-23,All,1666957
360023,ID,IDN,360,,,Riau Islands,Indonesia,3.9457,108.1429,"Riau Islands, Indonesia",2021-08-23,All,1586798
360025,ID,IDN,360,,,South Kalimantan,Indonesia,-3.0926,115.2838,"South Kalimantan, Indonesia",2021-08-23,All,871408
360026,ID,IDN,360,,,South Sulawesi,Indonesia,-3.6688,119.9741,"South Sulawesi, Indonesia",2021-08-23,All,2562327
360027,ID,IDN,360,,,South Sumatra,Indonesia,-3.3194,103.9144,"South Sumatra, Indonesia",2021-08-23,All,1841395
360024,ID,IDN,360,,,Southeast Sulawesi,Indonesia,-1.8479,120.5279,"Southeast Sulawesi, Indonesia",2021-08-23,All,652248
360013,ID,IDN,360,,,Special Capital Region of Jakarta,Indonesia,-6.2088,106.8456,"Special Capital Region of Jakarta, Indonesia",2021-08-23,All,14535953
360034,ID,IDN,360,,,Special Region of Yogyakarta,Indonesia,-7.8754,110.4262,"Special Region of Yogyakarta, Indonesia",2021-08-23,All,2007550
360035,ID,IDN,360,,,Unknown,Indonesia,,,"Unknown, Indonesia",2021-08-23,All,54
360028,ID,IDN,360,,,West Java,Indonesia,-7.0909,107.6689,"West Java, Indonesia",2021-08-23,All,12653080
360029,ID,IDN,360,,,West Kalimantan,Indonesia,-0.2788,111.4753,"West Kalimantan, Indonesia",2021-08-23,All,1024157
360030,ID,IDN,360,,,West Nusa Tenggara,Indonesia,-8.6529,117.3616,"West Nusa Tenggara, Indonesia",2021-08-23,All,967286
360031,ID,IDN,360,,,West Papua,Indonesia,-1.3361,133.1747,"West Papua, Indonesia",2021-08-23,All,295035
360032,ID,IDN,360,,,West Sulawesi,Indonesia,-2.8441,119.2321,"West Sulawesi, Indonesia",2021-08-23,All,301777
360033,ID,IDN,360,,,West Sumatra,Indonesia,-0.7399,100.8,"West Sumatra, Indonesia",2021-08-23,All,1066861
364,IR,IRN,364,,,,Iran,32.427908,53.68804599999999,Iran,2021-08-23,All,19894523
368,IQ,IRQ,368,,,,Iraq,33.223191,43.679291,Iraq,2021-08-23,All,2102550
372,IE,IRL,372,,,,Ireland,53.1424,-7.6921,Ireland,2021-08-23,All,6593688
376,IL,ISR,376,,,,Israel,31.046051000000002,34.851612,Israel,2021-08-23,All,12802511
380,IT,ITA,380,,,,Italy,41.87194,12.56738,Italy,2021-08-23,All,75283604
38013,IT,ITA,380,,,Abruzzo,Italy,42.35122196,13.39843823,"Abruzzo, Italy",2021-08-23,All,1692111
38017,IT,ITA,380,,,Basilicata,Italy,40.63947052,15.80514834,"Basilicata, Italy",2021-08-23,All,696686
38018,IT,ITA,380,,,Calabria,Italy,38.90597598,16.59440194,"Calabria, Italy",2021-08-23,All,2211885
38015,IT,ITA,380,,,Campania,Italy,40.83956555,14.25084984,"Campania, Italy",2021-08-23,All,7045585
38008,IT,ITA,380,,,Emilia-Romagna,Italy,44.49436681,11.341720800000001,"Emilia-Romagna, Italy",2021-08-23,All,5635819
38006,IT,ITA,380,,,Friuli Venezia Giulia,Italy,45.6494354,13.76813649,"Friuli Venezia Giulia, Italy",2021-08-23,All,1470584
38012,IT,ITA,380,,,Lazio,Italy,41.89277044,12.48366722,"Lazio, Italy",2021-08-23,All,7540392
38007,IT,ITA,380,,,Liguria,Italy,44.41149315,8.9326992,"Liguria, Italy",2021-08-23,All,1931662
38003,IT,ITA,380,,,Lombardia,Italy,45.46679409,9.190347404,"Lombardia, Italy",2021-08-23,All,13324099
38011,IT,ITA,380,,,Marche,Italy,43.61675973,13.5188753,"Marche, Italy",2021-08-23,All,1906504
38014,IT,ITA,380,,,Molise,Italy,41.55774754,14.65916051,"Molise, Italy",2021-08-23,All,397430
38041,IT,ITA,380,,,P.A. Bolzano,Italy,46.49933453,11.35662422,"P.A. Bolzano, Italy",2021-08-23,All,597870
38042,IT,ITA,380,,,P.A. Trento,Italy,46.06893511,11.12123097,"P.A. Trento, Italy",2021-08-23,All,670380
38001,IT,ITA,380,,,Piemonte,Italy,45.0732745,7.680687483,"Piemonte, Italy",2021-08-23,All,5347695
38016,IT,ITA,380,,,Puglia,Italy,41.12559576,16.86736689,"Puglia, Italy",2021-08-23,All,5202750
38020,IT,ITA,380,,,Sardegna,Italy,39.21531192,9.110616306,"Sardegna, Italy",2021-08-23,All,2052531
38019,IT,ITA,380,,,Sicilia,Italy,38.11569725,13.362356699999998,"Sicilia, Italy",2021-08-23,All,5525146
38009,IT,ITA,380,,,Toscana,Italy,43.76923077,11.25588885,"Toscana, Italy",2021-08-23,All,4680385
38010,IT,ITA,380,,,Umbria,Italy,43.10675841,12.38824698,"Umbria, Italy",2021-08-23,All,1132703
38002,IT,ITA,380,,,Valle d'Aosta,Italy,45.73750286,7.320149366,"Valle d'Aosta, Italy",2021-08-23,All,151133
38005,IT,ITA,380,,,Veneto,Italy,45.43490485,12.33845213,"Veneto, Italy",2021-08-23,All,6070254
388,JM,JAM,388,,,,Jamaica,18.1096,-77.2975,Jamaica,2021-08-23,All,420627
392,JP,JPN,392,,,,Japan,36.204824,138.252924,Japan,2021-08-23,All,115739998
400,JO,JOR,400,,,,Jordan,31.24,36.51,Jordan,2021-08-23,All,6098386
398,KZ,KAZ,398,,,,Kazakhstan,48.0196,66.9237,Kazakhstan,2021-08-23,All,11347235
39801,KZ,KAZ,398,,,Aktobe,Kazakhstan,50.2839,57.167,"Aktobe, Kazakhstan",2021-08-23,All,477053
39802,KZ,KAZ,398,,,Almaty,Kazakhstan,45.0119,78.4229,"Almaty, Kazakhstan",2021-08-23,All,1152066
39803,KZ,KAZ,398,,,Almaty City,Kazakhstan,43.222,76.8512,"Almaty City, Kazakhstan",2021-08-23,All,1516641
39804,KZ,KAZ,398,,,Aqmola,Kazakhstan,51.9165,69.411,"Aqmola, Kazakhstan",2021-08-23,All,446438
39805,KZ,KAZ,398,,,Atyrau,Kazakhstan,47.0945,51.9238,"Atyrau, Kazakhstan",2021-08-23,All,305829
39806,KZ,KAZ,398,,,East Kazakhstan,Kazakhstan,48.7063,80.7923,"East Kazakhstan, Kazakhstan",2021-08-23,All,922301
39807,KZ,KAZ,398,,,Jambyl,Kazakhstan,44.222,72.3658,"Jambyl, Kazakhstan",2021-08-23,All,602180
39808,KZ,KAZ,398,,,Mangystau,Kazakhstan,43.6895,51.3043,"Mangystau, Kazakhstan",2021-08-23,All,224310
39809,KZ,KAZ,398,,,North Kazakhstan,Kazakhstan,54.1622,69.9387,"North Kazakhstan, Kazakhstan",2021-08-23,All,403398
39810,KZ,KAZ,398,,,Nur-Sultan,Kazakhstan,51.1605,71.4704,"Nur-Sultan, Kazakhstan",2021-08-23,All,697624
39811,KZ,KAZ,398,,,Pavlodar,Kazakhstan,52.2873,76.9674,"Pavlodar, Kazakhstan",2021-08-23,All,467634
39812,KZ,KAZ,398,,,Qaraghandy,Kazakhstan,49.8047,73.1094,"Qaraghandy, Kazakhstan",2021-08-23,All,812004
39813,KZ,KAZ,398,,,Qostanay,Kazakhstan,53.2198,63.6354,"Qostanay, Kazakhstan",2021-08-23,All,511598
39814,KZ,KAZ,398,,,Qyzylorda,Kazakhstan,44.6923,62.6572,"Qyzylorda, Kazakhstan",2021-08-23,All,470160
39815,KZ,KAZ,398,,,Shymkent,Kazakhstan,42.3417,69.5901,"Shymkent, Kazakhstan",2021-08-23,All,751040
39816,KZ,KAZ,398,,,Turkistan,Kazakhstan,42.2663,68.1431,"Turkistan, Kazakhstan",2021-08-23,All,1245031
39817,KZ,KAZ,398,,,West Kazakhstan,Kazakhstan,49.568,50.8067,"West Kazakhstan, Kazakhstan",2021-08-23,All,341928
404,KE,KEN,404,,,,Kenya,-0.0236,37.9062,Kenya,2021-08-23,All,2396064
410,KR,KOR,410,,,,"Korea, South",35.907757000000004,127.766922,"Korea, South",2021-08-23,All,37475806
383,XK,XKS,383,,,,Kosovo,42.602636,20.902977,Kosovo,2021-08-23,All,601701
414,KW,KWT,414,,,,Kuwait,29.311659999999996,47.481766,Kuwait,2021-08-23,All,2380000
417,KG,KGZ,417,,,,Kyrgyzstan,41.20438,74.766098,Kyrgyzstan,2021-08-23,All,989905
418,LA,LAO,418,,,,Laos,19.856270000000002,102.495496,Laos,2021-08-23,All,2050711
428,LV,LVA,428,,,,Latvia,56.8796,24.6032,Latvia,2021-08-23,All,1454264
422,LB,LBN,422,,,,Lebanon,33.8547,35.8623,Lebanon,2021-08-23,All,2298528
438,LI,LIE,438,,,,Liechtenstein,47.14,9.55,Liechtenstein,2021-08-23,All,41741
440,LT,LTU,440,,,,Lithuania,55.1694,23.8813,Lithuania,2021-08-23,All,2884160
44001,LT,LTU,440,,,Alytus,Lithuania,,,"Alytus, Lithuania",2021-08-23,All,137278
44002,LT,LTU,440,,,Kaunas,Lithuania,,,"Kaunas, Lithuania",2021-08-23,All,638204
44003,LT,LTU,440,,,Klaipeda,Lithuania,,,"Klaipeda, Lithuania",2021-08-23,All,276568
44004,LT,LTU,440,,,Marijampole,Lithuania,,,"Marijampole, Lithuania",2021-08-23,All,126841
44005,LT,LTU,440,,,Panevezys,Lithuania,,,"Panevezys, Lithuania",2021-08-23,All,217971
44006,LT,LTU,440,,,Siauliai,Lithuania,,,"Siauliai, Lithuania",2021-08-23,All,252640
44007,LT,LTU,440,,,Taurage,Lithuania,,,"Taurage, Lithuania",2021-08-23,All,81755
44008,LT,LTU,440,,,Telsiai,Lithuania,,,"Telsiai, Lithuania",2021-08-23,All,107347
44011,LT,LTU,440,,,Unknown,Lithuania,,,"Unknown, Lithuania",2021-08-23,All,1
44009,LT,LTU,440,,,Utena,Lithuania,,,"Utena, Lithuania",2021-08-23,All,126424
44010,LT,LTU,440,,,Vilnius,Lithuania,,,"Vilnius, Lithuania",2021-08-23,All,919131
442,LU,LUX,442,,,,Luxembourg,49.8153,6.1296,Luxembourg,2021-08-23,All,751268
454,MW,MWI,454,,,,Malawi,-13.2543,34.3015,Malawi,2021-08-23,All,848791
458,MY,MYS,458,,,,Malaysia,4.210483999999999,101.97576600000001,Malaysia,2021-08-23,All,31281193
45801,MY,MYS,458,,,Johor,Malaysia,1.4854,103.7618,"Johor, Malaysia",2021-08-23,All,2865314
45802,MY,MYS,458,,,Kedah,Malaysia,6.1184,100.3685,"Kedah, Malaysia",2021-08-23,All,1501886
45803,MY,MYS,458,,,Kelantan,Malaysia,6.1254,102.2381,"Kelantan, Malaysia",2021-08-23,All,1108182
45804,MY,MYS,458,,,Kuala Lumpur,Malaysia,3.139,101.6869,"Kuala Lumpur, Malaysia",2021-08-23,All,4641680
45805,MY,MYS,458,,,Labuan,Malaysia,5.2831,115.2308,"Labuan, Malaysia",2021-08-23,All,130359
45806,MY,MYS,458,,,Malacca,Malaysia,2.1896,102.2501,"Malacca, Malaysia",2021-08-23,All,813893
45807,MY,MYS,458,,,Negeri Sembilan,Malaysia,2.7258,101.9424,"Negeri Sembilan, Malaysia",2021-08-23,All,1306694
45808,MY,MYS,458,,,Pahang,Malaysia,3.8126,103.3256,"Pahang, Malaysia",2021-08-23,All,1188534
45809,MY,MYS,458,,,Penang,Malaysia,5.4164,100.3327,"Penang, Malaysia",2021-08-23,All,1680562
45810,MY,MYS,458,,,Perak,Malaysia,4.5921,101.0901,"Perak, Malaysia",2021-08-23,All,1848589
45811,MY,MYS,458,,,Perlis,Malaysia,6.4449,100.2048,"Perlis, Malaysia",2021-08-23,All,250649
45812,MY,MYS,458,,,Putrajaya,Malaysia,2.9264,101.6964,"Putrajaya, Malaysia",2021-08-23,All,225808
45813,MY,MYS,458,,,Sabah,Malaysia,5.9788,116.0753,"Sabah, Malaysia",2021-08-23,All,2275249
45814,MY,MYS,458,,,Sarawak,Malaysia,1.5533,110.3592,"Sarawak, Malaysia",2021-08-23,All,3561962
45815,MY,MYS,458,,,Selangor,Malaysia,3.0738,101.5183,"Selangor, Malaysia",2021-08-23,All,6967498
45816,MY,MYS,458,,,Terengganu,Malaysia,5.3117,103.1324,"Terengganu, Malaysia",2021-08-23,All,914334
45817,MY,MYS,458,,,Unknown,Malaysia,,,"Unknown, Malaysia",2021-08-23,All,0
462,MV,MDV,462,,,,Maldives,3.2028,73.2207,Maldives,2021-08-23,All,653886
466,ML,MLI,466,,,,Mali,17.570692,-3.9961660000000006,Mali,2021-08-23,All,259719
470,MT,MLT,470,,,,Malta,35.9375,14.3754,Malta,2021-08-23,All,791240
584,MH,MHL,584,,,,Marshall Islands,7.1315,171.1845,Marshall Islands,2021-08-23,All,37926
478,MR,MRT,478,,,,Mauritania,21.0079,-10.9408,Mauritania,2021-08-23,All,253336
480,MU,MUS,480,,,,Mauritius,-20.348404000000002,57.552152,Mauritius,2021-08-23,All,1297090
484,MX,MEX,484,,,,Mexico,23.6345,-102.5528,Mexico,2021-08-23,All,80683665
583,FM,FSM,583,,,,Micronesia,7.4256,150.5508,Micronesia,2021-08-23,All,62623
498,MD,MDA,498,,,,Moldova,47.4116,28.3699,Moldova,2021-08-23,All,1217563
492,MC,MCO,492,,,,Monaco,43.7333,7.4167,Monaco,2021-08-23,All,44060
496,MN,MNG,496,,,,Mongolia,46.8625,103.8467,Mongolia,2021-08-23,All,4280748
499,ME,MNE,499,,,,Montenegro,42.708678000000006,19.37439,Montenegro,2021-08-23,All,375542
504,MA,MAR,504,,,,Morocco,31.7917,-7.0926,Morocco,2021-08-23,All,30136555
508,MZ,MOZ,508,,,,Mozambique,-18.665695,35.529562,Mozambique,2021-08-23,All,1864229
516,,NAM,516,,,,Namibia,-22.9576,18.4904,Namibia,2021-08-23,All,268556
524,NP,NPL,524,,,,Nepal,28.1667,84.25,Nepal,2021-08-23,All,8788986
524003,NP,NPL,524,,,Bagmati,Nepal,27.6625,85.4376,"Bagmati, Nepal",2021-08-23,All,3258500
524004,NP,NPL,524,,,Gandaki,Nepal,28.3591,84.1013,"Gandaki, Nepal",2021-08-23,All,866751
524006,NP,NPL,524,,,Karnali,Nepal,,,"Karnali, Nepal",2021-08-23,All,392092
524001,NP,NPL,524,,,Province 1,Nepal,27.3372,87.3811,"Province 1, Nepal",2021-08-23,All,992388
524002,NP,NPL,524,,,Province 2,Nepal,27.0135,85.6846,"Province 2, Nepal",2021-08-23,All,1033266
524005,NP,NPL,524,,,Province 5,Nepal,27.9207,82.7347,"Province 5, Nepal",2021-08-23,All,1456861
524007,NP,NPL,524,,,Sudurpashchim,Nepal,29.3863,82.3886,"Sudurpashchim, Nepal",2021-08-23,All,789128
524008,NP,NPL,524,,,Unknown,Nepal,,,"Unknown, Nepal",2021-08-23,All,0
528,NL,NLD,528,,,,Netherlands,52.1326,5.2913,Netherlands,2021-08-23,All,21731346
554,NZ,NZL,554,,,,New Zealand,-40.9006,174.886,New Zealand,2021-08-23,All,2787266
558,NI,NIC,558,,,,Nicaragua,12.865416,-85.207229,Nicaragua,2021-08-23,All,612799
566,NG,NGA,566,,,,Nigeria,9.082,8.6753,Nigeria,2021-08-23,All,3967013
807,MK,MKD,807,,,,North Macedonia,41.6086,21.7453,North Macedonia,2021-08-23,All,1115988
578,NO,NOR,578,,,,Norway,60.472,8.4689,Norway,2021-08-23,All,6299998
512,OM,OMN,512,,,,Oman,21.512583,55.923255000000005,Oman,2021-08-23,All,2951658
586,PK,PAK,586,,,,Pakistan,30.3753,69.3451,Pakistan,2021-08-23,All,46456077
585,PW,PLW,8,,,,Palau,7.515,134.5825,Palau,2021-08-23,All,28152
591,PA,PAN,591,,,,Panama,8.538,-80.7821,Panama,2021-08-23,All,3644906
598,PG,PNG,598,,,,Papua New Guinea,-6.314993,143.95555,Papua New Guinea,2021-08-23,All,113052
600,PY,PRY,600,,,,Paraguay,-23.4425,-58.4438,Paraguay,2021-08-23,All,3784757
604,PE,PER,604,,,,Peru,-9.19,-75.0152,Peru,2021-08-23,All,17221331
608,PH,PHL,608,,,,Philippines,12.879721,121.77401699999999,Philippines,2021-08-23,All,29127240
616,PL,POL,616,,,,Poland,51.9194,19.1451,Poland,2021-08-23,All,35805427
61617,PL,POL,616,,,Unknown,Poland,,,"Unknown, Poland",2021-08-23,All,25
61601,PL,POL,616,,,dolnoslaskie,Poland,51.13399999999999,16.8842,"dolnoslaskie, Poland",2021-08-23,All,2880474
61602,PL,POL,616,,,kujawsko-pomorskie,Poland,53.1648,18.4834,"kujawsko-pomorskie, Poland",2021-08-23,All,1933287
61605,PL,POL,616,,,lodzkie,Poland,51.4635,19.1727,"lodzkie, Poland",2021-08-23,All,2357261
61603,PL,POL,616,,,lubelskie,Poland,51.2494,23.1011,"lubelskie, Poland",2021-08-23,All,1648182
61604,PL,POL,616,,,lubuskie,Poland,52.2275,15.2559,"lubuskie, Poland",2021-08-23,All,980605
61606,PL,POL,616,,,malopolskie,Poland,49.7225,20.2503,"malopolskie, Poland",2021-08-23,All,3048382
61607,PL,POL,616,,,mazowieckie,Poland,51.8927,21.0022,"mazowieckie, Poland",2021-08-23,All,5595429
61608,PL,POL,616,,,opolskie,Poland,50.8004,17.938,"opolskie, Poland",2021-08-23,All,848258
61609,PL,POL,616,,,podkarpackie,Poland,50.0575,22.0896,"podkarpackie, Poland",2021-08-23,All,1533994
61610,PL,POL,616,,,podlaskie,Poland,53.0697,22.9675,"podlaskie, Poland",2021-08-23,All,1021562
61611,PL,POL,616,,,pomorskie,Poland,54.2944,18.1531,"pomorskie, Poland",2021-08-23,All,2352217
61612,PL,POL,616,,,slaskie,Poland,50.5717,19.322,"slaskie, Poland",2021-08-23,All,4292245
61613,PL,POL,616,,,swietokrzyskie,Poland,50.6261,20.9406,"swietokrzyskie, Poland",2021-08-23,All,1027469
61614,PL,POL,616,,,warminsko-mazurskie,Poland,53.8671,20.7028,"warminsko-mazurskie, Poland",2021-08-23,All,1221744
61615,PL,POL,616,,,wielkopolskie,Poland,52.28,17.3523,"wielkopolskie, Poland",2021-08-23,All,3411409
61616,PL,POL,616,,,zachodniopomorskie,Poland,53.4658,15.1823,"zachodniopomorskie, Poland",2021-08-23,All,1652884
620,PT,PRT,620,,,,Portugal,39.3999,-8.2245,Portugal,2021-08-23,All,14025295
634,QA,QAT,634,,,,Qatar,25.3548,51.1839,Qatar,2021-08-23,All,4252387
642,RO,ROU,642,,,,Romania,45.9432,24.9668,Romania,2021-08-23,All,9669012
643,RU,RUS,643,,,,Russia,61.52401,105.31875600000001,Russia,2021-08-23,All,76934613
646,RW,RWA,646,,,,Rwanda,-1.9403,29.8739,Rwanda,2021-08-23,All,1399797
659,KN,KNA,659,,,,Saint Kitts and Nevis,17.357822,-62.782998,Saint Kitts and Nevis,2021-08-23,All,44750
662,LC,LCA,662,,,,Saint Lucia,13.9094,-60.9789,Saint Lucia,2021-08-23,All,61857
670,VC,VCT,670,,,,Saint Vincent and the Grenadines,12.9843,-61.2872,Saint Vincent and the Grenadines,2021-08-23,All,28063
674,SM,SMR,674,,,,San Marino,43.9424,12.4578,San Marino,2021-08-23,All,46073
678,ST,STP,678,,,,Sao Tome and Principe,0.1864,6.6131,Sao Tome and Principe,2021-08-23,All,43987
682,SA,SAU,682,,,,Saudi Arabia,23.885942,45.079162,Saudi Arabia,2021-08-23,All,34107938
686,SN,SEN,686,,,,Senegal,14.4974,-14.4524,Senegal,2021-08-23,All,1483312
688,RS,SRB,688,,,,Serbia,44.0165,21.0059,Serbia,2021-08-23,All,5670011
690,SC,SYC,690,,,,Seychelles,-4.6796,55.492,Seychelles,2021-08-23,All,143490
694,SL,SLE,694,,,,Sierra Leone,8.460555000000001,-11.779889,Sierra Leone,2021-08-23,All,225380
702,SG,SGP,702,,,,Singapore,1.2833,103.8333,Singapore,2021-08-23,All,8709548
703,SK,SVK,703,,,,Slovakia,48.669,19.699,Slovakia,2021-08-23,All,4519035
705,SI,SVN,705,,,,Slovenia,46.1512,14.9955,Slovenia,2021-08-23,All,1844407
70501,SI,SVN,705,,,Gorenjska,Slovenia,46.3154,14.2913,"Gorenjska, Slovenia",2021-08-23,All,188726
70502,SI,SVN,705,,,Goriska,Slovenia,45.9402,13.6202,"Goriska, Slovenia",2021-08-23,All,111033
70503,SI,SVN,705,,,Jugovzhodna Slovenija,Slovenia,46.0569,14.5057,"Jugovzhodna Slovenija, Slovenia",2021-08-23,All,124224
70504,SI,SVN,705,,,Koroska,Slovenia,46.7222,14.1806,"Koroska, Slovenia",2021-08-23,All,66779
70505,SI,SVN,705,,,Obalno-kraska,Slovenia,45.5451,13.8847,"Obalno-kraska, Slovenia",2021-08-23,All,96777
70506,SI,SVN,705,,,Osrednjeslovenska,Slovenia,46.0552,14.5149,"Osrednjeslovenska, Slovenia",2021-08-23,All,501779
70507,SI,SVN,705,,,Podravska,Slovenia,46.7725,12.7429,"Podravska, Slovenia",2021-08-23,All,264521
70508,SI,SVN,705,,,Pomurska,Slovenia,45.7164,10.3404,"Pomurska, Slovenia",2021-08-23,All,102344
70509,SI,SVN,705,,,Posavska,Slovenia,45.2638,17.3265,"Posavska, Slovenia",2021-08-23,All,62634
70510,SI,SVN,705,,,Primorsko-notranjska,Slovenia,45.6879,14.3063,"Primorsko-notranjska, Slovenia",2021-08-23,All,49003
70511,SI,SVN,705,,,Savinjska,Slovenia,46.2309,15.2604,"Savinjska, Slovenia",2021-08-23,All,221548
70513,SI,SVN,705,,,Unknown,Slovenia,,,"Unknown, Slovenia",2021-08-23,All,0
70512,SI,SVN,705,,,Zasavska,Slovenia,46.155,15.0533,"Zasavska, Slovenia",2021-08-23,All,55039
90,SB,SLB,90,,,,Solomon Islands,-9.6457,160.1562,Solomon Islands,2021-08-23,All,63320
710,ZA,ZAF,710,,,,South Africa,-30.5595,22.9375,South Africa,2021-08-23,All,10527363
728,SS,SSD,728,,,,South Sudan,6.877000000000001,31.307,South Sudan,2021-08-23,All,56989
724,ES,ESP,724,,,,Spain,40.463667,-3.7492199999999998,Spain,2021-08-23,All,63090941
144,LK,LKA,144,,,,Sri Lanka,7.873054,80.77179699999999,Sri Lanka,2021-08-23,All,17709118
729,SD,SDN,729,,,,Sudan,12.8628,30.2176,Sudan,2021-08-23,All,827961
740,SR,SUR,740,,,,Suriname,3.9193,-56.0278,Suriname,2021-08-23,All,299732
752,SE,SWE,752,,,,Sweden,60.128161,18.643501,Sweden,2021-08-23,All,11924194
756,CH,CHE,756,,,,Switzerland,46.8182,8.2275,Switzerland,2021-08-23,All,9357531
75601,CH,CHE,756,,,Aargau,Switzerland,47.3877,8.2554,"Aargau, Switzerland",2021-08-23,All,723488
75602,CH,CHE,756,,,Appenzell Ausserrhoden,Switzerland,47.3665,9.3001,"Appenzell Ausserrhoden, Switzerland",2021-08-23,All,53192
75603,CH,CHE,756,,,Appenzell Innerrhoden,Switzerland,47.3162,9.4317,"Appenzell Innerrhoden, Switzerland",2021-08-23,All,14061
75604,CH,CHE,756,,,Basel-Landschaft,Switzerland,47.4418,7.7644,"Basel-Landschaft, Switzerland",2021-08-23,All,325820
75605,CH,CHE,756,,,Basel-Stadt,Switzerland,47.5596,7.5886,"Basel-Stadt, Switzerland",2021-08-23,All,235684
75606,CH,CHE,756,,,Berne,Switzerland,46.948,7.4474,"Berne, Switzerland",2021-08-23,All,1165939
75607,CH,CHE,756,,,Fribourg,Switzerland,46.8065,7.162000000000001,"Fribourg, Switzerland",2021-08-23,All,308139
75608,CH,CHE,756,,,Geneva,Switzerland,46.2044,6.1432,"Geneva, Switzerland",2021-08-23,All,591213
75609,CH,CHE,756,,,Glarus,Switzerland,47.0411,9.0679,"Glarus, Switzerland",2021-08-23,All,37822
75610,CH,CHE,756,,,Grisons,Switzerland,46.657,9.578,"Grisons, Switzerland",2021-08-23,All,209056
75611,CH,CHE,756,,,Jura,Switzerland,47.3444,7.1431,"Jura, Switzerland",2021-08-23,All,73319
75612,CH,CHE,756,,,Lucerne,Switzerland,47.0502,8.3093,"Lucerne, Switzerland",2021-08-23,All,427877
75613,CH,CHE,756,,,Neuchatel,Switzerland,46.99,6.9293,"Neuchatel, Switzerland",2021-08-23,All,189788
75614,CH,CHE,756,,,Nidwalden,Switzerland,46.9267,8.385,"Nidwalden, Switzerland",2021-08-23,All,44523
75615,CH,CHE,756,,,Obwalden,Switzerland,46.8779,8.2512,"Obwalden, Switzerland",2021-08-23,All,32747
75616,CH,CHE,756,,,Schaffhausen,Switzerland,47.6959,8.638,"Schaffhausen, Switzerland",2021-08-23,All,93560
75617,CH,CHE,756,,,Schwyz,Switzerland,47.0207,8.652999999999999,"Schwyz, Switzerland",2021-08-23,All,149295
75618,CH,CHE,756,,,Solothurn,Switzerland,47.2088,7.5323,"Solothurn, Switzerland",2021-08-23,All,298757
75619,CH,CHE,756,,,St. Gallen,Switzerland,47.4245,9.3767,"St. Gallen, Switzerland",2021-08-23,All,484862
75620,CH,CHE,756,,,Thurgau,Switzerland,47.6038,9.0557,"Thurgau, Switzerland",2021-08-23,All,266258
75621,CH,CHE,756,,,Ticino,Switzerland,46.3317,8.8005,"Ticino, Switzerland",2021-08-23,All,404980
75627,CH,CHE,756,,,Unknown,Switzerland,,,"Unknown, Switzerland",2021-08-23,All,0
75622,CH,CHE,756,,,Uri,Switzerland,46.7739,8.6025,"Uri, Switzerland",2021-08-23,All,35272
75623,CH,CHE,756,,,Valais,Switzerland,46.1905,7.5449,"Valais, Switzerland",2021-08-23,All,347449
75624,CH,CHE,756,,,Vaud,Switzerland,46.5613,6.5368,"Vaud, Switzerland",2021-08-23,All,902419
75625,CH,CHE,756,,,Zug,Switzerland,47.1662,8.5155,"Zug, Switzerland",2021-08-23,All,142108
75626,CH,CHE,756,,,Zurich,Switzerland,47.3769,8.5417,"Zurich, Switzerland",2021-08-23,All,1799903
760,SY,SYR,760,,,,Syria,34.802075,38.996815000000005,Syria,2021-08-23,All,355000
158,TW,TWN,158,,,,Taiwan*,23.7,121.0,Taiwan*,2021-08-23,All,10057641
764,TH,THA,764,,,,Thailand,15.870032,100.992541,Thailand,2021-08-23,All,26832179
768,TG,TGO,768,,,,Togo,8.6195,0.8248,Togo,2021-08-23,All,535518
780,TT,TTO,780,,,,Trinidad and Tobago,10.6918,-61.2225,Trinidad and Tobago,2021-08-23,All,844205
788,TN,TUN,788,,,,Tunisia,33.886917,9.537499,Tunisia,2021-08-23,All,4891225
792,TR,TUR,792,,,,Turkey,38.9637,35.2433,Turkey,2021-08-23,All,88712799
840,US,USA,840,,,,US,40.0,-100.0,US,2021-08-23,All,361476594
84000001,US,USA,840,1,,Alabama,US,32.3182,-86.9023,"Alabama, US",2021-08-23,All,3916146
84000002,US,USA,840,2,,Alaska,US,61.3707,-152.4044,"Alaska, US",2021-08-23,All,717156
16,AS,ASM,16,60,,American Samoa,US,-14.270999999999999,-170.132,"American Samoa, US",2021-08-23,All,54964
84000004,US,USA,840,4,,Arizona,US,33.7298,-111.4312,"Arizona, US",2021-08-23,All,7429859
84000005,US,USA,840,5,,Arkansas,US,34.9697,-92.3731,"Arkansas, US",2021-08-23,All,2704473
84000006,US,USA,840,6,,California,US,36.1162,-119.6816,"California, US",2021-08-23,All,47163521
84000008,US,USA,840,8,,Colorado,US,39.0598,-105.3111,"Colorado, US",2021-08-23,All,6852979
84000009,US,USA,840,9,,Connecticut,US,41.5978,-72.7554,"Connecticut, US",2021-08-23,All,4750180
84000010,US,USA,840,10,,Delaware,US,39.3185,-75.5071,"Delaware, US",2021-08-23,All,1130315
84000011,US,USA,840,11,,District of Columbia,US,38.8974,-77.0268,"District of Columbia, US",2021-08-23,All,1055553
84000012,US,USA,840,12,,Florida,US,27.7663,-81.6868,"Florida, US",2021-08-23,All,24248565
84000013,US,USA,840,13,,Georgia,US,33.0406,-83.6431,"Georgia, US",2021-08-23,All,9518280
316,GU,GUM,316,66,,Guam,US,13.4443,144.7937,"Guam, US",2021-08-23,All,208809
84000015,US,USA,840,15,,Hawaii,US,21.0943,-157.4983,"Hawaii, US",2021-08-23,All,1820538
84000016,US,USA,840,16,,Idaho,US,44.2405,-114.4788,"Idaho, US",2021-08-23,All,1450819
84000017,US,USA,840,17,,Illinois,US,40.3495,-88.9861,"Illinois, US",2021-08-23,All,14317360
84000018,US,USA,840,18,,Indiana,US,39.8494,-86.2583,"Indiana, US",2021-08-23,All,6308500
84000019,US,USA,840,19,,Iowa,US,42.0115,-93.2105,"Iowa, US",2021-08-23,All,3248991
84000020,US,USA,840,20,,Kansas,US,38.5266,-96.7265,"Kansas, US",2021-08-23,All,2847433
84000021,US,USA,840,21,,Kentucky,US,37.6681,-84.6701,"Kentucky, US",2021-08-23,All,4447425
84000022,US,USA,840,22,,Louisiana,US,31.1695,-91.8678,"Louisiana, US",2021-08-23,All,4055363
84000023,US,USA,840,23,,Maine,US,44.6939,-69.3819,"Maine, US",2021-08-23,All,1714763
84000024,US,USA,840,24,,Maryland,US,39.0639,-76.8021,"Maryland, US",2021-08-23,All,7473910
84000025,US,USA,840,25,,Massachusetts,US,42.2302,-71.5301,"Massachusetts, US",2021-08-23,All,9367593
84000026,US,USA,840,26,,Michigan,US,43.3266,-84.5361,"Michigan, US",2021-08-23,All,10065791
84000027,US,USA,840,27,,Minnesota,US,45.6945,-93.9002,"Minnesota, US",2021-08-23,All,6290806
84000028,US,USA,840,28,,Mississippi,US,32.7416,-89.6787,"Mississippi, US",2021-08-23,All,2417965
84000029,US,USA,840,29,,Missouri,US,38.4561,-92.2884,"Missouri, US",2021-08-23,All,5819045
84000030,US,USA,840,30,,Montana,US,46.9219,-110.4544,"Montana, US",2021-08-23,All,1005238
84000031,US,USA,840,31,,Nebraska,US,41.1254,-98.2681,"Nebraska, US",2021-08-23,All,2026841
84000032,US,USA,840,32,,Nevada,US,38.3135,-117.0554,"Nevada, US",2021-08-23,All,3132617
84000033,US,USA,840,33,,New Hampshire,US,43.4525,-71.5639,"New Hampshire, US",2021-08-23,All,1670065
84000034,US,USA,840,34,,New Jersey,US,40.2989,-74.521,"New Jersey, US",2021-08-23,All,10913568
84000035,US,USA,840,35,,New Mexico,US,34.8405,-106.2485,"New Mexico, US",2021-08-23,All,2586455
84000036,US,USA,840,36,,New York,US,42.1657,-74.9481,"New York, US",2021-08-23,All,23937339
84000037,US,USA,840,37,,North Carolina,US,35.6301,-79.8064,"North Carolina, US",2021-08-23,All,10211909
84000038,US,USA,840,38,,North Dakota,US,47.5289,-99.78399999999999,"North Dakota, US",2021-08-23,All,686630
580,MP,MNP,580,69,,Northern Mariana Islands,US,15.0979,145.6739,"Northern Mariana Islands, US",2021-08-23,All,66158
84000039,US,USA,840,39,,Ohio,US,40.3888,-82.7649,"Ohio, US",2021-08-23,All,11521378
84000040,US,USA,840,40,,Oklahoma,US,35.5653,-96.9289,"Oklahoma, US",2021-08-23,All,3700271
84000041,US,USA,840,41,,Oregon,US,44.571999999999996,-122.0709,"Oregon, US",2021-08-23,All,4894410
84000042,US,USA,840,42,,Pennsylvania,US,40.5908,-77.2098,"Pennsylvania, US",2021-08-23,All,15153953
630,PR,PRI,630,72,,Puerto Rico,US,18.2208,-66.5901,"Puerto Rico, US",2021-08-23,All,4144445
84000044,US,USA,840,44,,Rhode Island,US,41.6809,-71.5118,"Rhode Island, US",2021-08-23,All,1373200
84000045,US,USA,840,45,,South Carolina,US,33.8569,-80.945,"South Carolina, US",2021-08-23,All,4678109
84000046,US,USA,840,46,,South Dakota,US,44.2998,-99.4388,"South Dakota, US",2021-08-23,All,884273
84000047,US,USA,840,47,,Tennessee,US,35.7478,-86.6923,"Tennessee, US",2021-08-23,All,6132186
84000048,US,USA,840,48,,Texas,US,31.0545,-97.5635,"Texas, US",2021-08-23,All,29308039
84000049,US,USA,840,49,,Utah,US,40.15,-111.8624,"Utah, US",2021-08-23,All,3174981
84000050,US,USA,840,50,,Vermont,US,44.0459,-72.7107,"Vermont, US",2021-08-23,All,908181
850,VI,VIR,850,78,,Virgin Islands,US,18.3358,-64.8963,"Virgin Islands, US",2021-08-23,All,92324
84000051,US,USA,840,51,,Virginia,US,37.7693,-78.17,"Virginia, US",2021-08-23,All,10073377
84000053,US,USA,840,53,,Washington,US,47.4009,-121.4905,"Washington, US",2021-08-23,All,9334052
84000054,US,USA,840,54,,West Virginia,US,38.4912,-80.9545,"West Virginia, US",2021-08-23,All,1638879
84000055,US,USA,840,55,,Wisconsin,US,44.2685,-89.6165,"Wisconsin, US",2021-08-23,All,6363695
84000056,US,USA,840,56,,Wyoming,US,42.756,-107.3025,"Wyoming, US",2021-08-23,All,466919
800,UG,UGA,800,,,,Uganda,1.373333,32.290275,Uganda,2021-08-23,All,1235052
804,UA,UKR,804,,,,Ukraine,48.3794,31.1656,Ukraine,2021-08-23,All,8208034
80401,UA,UKR,804,,,Cherkasy Oblast,Ukraine,49.4444,32.0598,"Cherkasy Oblast, Ukraine",2021-08-23,All,291995
80402,UA,UKR,804,,,Chernihiv Oblast,Ukraine,51.4982,31.2893,"Chernihiv Oblast, Ukraine",2021-08-23,All,222161
80403,UA,UKR,804,,,Chernivtsi Oblast,Ukraine,48.2917,25.9352,"Chernivtsi Oblast, Ukraine",2021-08-23,All,143490
80405,UA,UKR,804,,,Dnipropetrovsk Oblast,Ukraine,48.4647,35.0462,"Dnipropetrovsk Oblast, Ukraine",2021-08-23,All,703243
80406,UA,UKR,804,,,Donetsk Oblast,Ukraine,48.0159,37.8028,"Donetsk Oblast, Ukraine",2021-08-23,All,302528
80407,UA,UKR,804,,,Ivano-Frankivsk Oblast,Ukraine,48.9226,24.7111,"Ivano-Frankivsk Oblast, Ukraine",2021-08-23,All,186807
80408,UA,UKR,804,,,Kharkiv Oblast,Ukraine,49.9935,36.2304,"Kharkiv Oblast, Ukraine",2021-08-23,All,508967
80409,UA,UKR,804,,,Kherson Oblast,Ukraine,46.6354,32.6169,"Kherson Oblast, Ukraine",2021-08-23,All,206208
80410,UA,UKR,804,,,Khmelnytskyi Oblast,Ukraine,49.423,26.9871,"Khmelnytskyi Oblast, Ukraine",2021-08-23,All,242043
80411,UA,UKR,804,,,Kiev,Ukraine,50.4501,30.5234,"Kiev, Ukraine",2021-08-23,All,1227316
80412,UA,UKR,804,,,Kiev Oblast,Ukraine,50.053000000000004,30.7667,"Kiev Oblast, Ukraine",2021-08-23,All,533326
80413,UA,UKR,804,,,Kirovohrad Oblast,Ukraine,48.5079,32.2623,"Kirovohrad Oblast, Ukraine",2021-08-23,All,163448
80414,UA,UKR,804,,,Luhansk Oblast,Ukraine,48.574,39.3078,"Luhansk Oblast, Ukraine",2021-08-23,All,132672
80415,UA,UKR,804,,,Lviv Oblast,Ukraine,49.8397,24.0297,"Lviv Oblast, Ukraine",2021-08-23,All,504167
80416,UA,UKR,804,,,Mykolaiv Oblast,Ukraine,46.975,31.9946,"Mykolaiv Oblast, Ukraine",2021-08-23,All,245613
80417,UA,UKR,804,,,Odessa Oblast,Ukraine,46.4846,30.7326,"Odessa Oblast, Ukraine",2021-08-23,All,384463
80418,UA,UKR,804,,,Poltava Oblast,Ukraine,49.5883,34.5514,"Poltava Oblast, Ukraine",2021-08-23,All,402367
80419,UA,UKR,804,,,Rivne Oblast,Ukraine,50.6199,26.2516,"Rivne Oblast, Ukraine",2021-08-23,All,179751
80421,UA,UKR,804,,,Sumy Oblast,Ukraine,50.9077,34.7981,"Sumy Oblast, Ukraine",2021-08-23,All,227121
80422,UA,UKR,804,,,Ternopil Oblast,Ukraine,49.5535,25.5948,"Ternopil Oblast, Ukraine",2021-08-23,All,185144
80423,UA,UKR,804,,,Vinnytsia Oblast,Ukraine,49.2331,28.4682,"Vinnytsia Oblast, Ukraine",2021-08-23,All,343994
80424,UA,UKR,804,,,Volyn Oblast,Ukraine,50.7472,25.3254,"Volyn Oblast, Ukraine",2021-08-23,All,146172
80425,UA,UKR,804,,,Zakarpattia Oblast,Ukraine,48.6208,22.2879,"Zakarpattia Oblast, Ukraine",2021-08-23,All,192031
80426,UA,UKR,804,,,Zaporizhia Oblast,Ukraine,47.8388,35.1396,"Zaporizhia Oblast, Ukraine",2021-08-23,All,267115
80427,UA,UKR,804,,,Zhytomyr Oblast,Ukraine,50.2547,28.6587,"Zhytomyr Oblast, Ukraine",2021-08-23,All,265892
784,AE,ARE,784,,,,United Arab Emirates,23.424076,53.847818000000004,United Arab Emirates,2021-08-23,All,17683483
826,GB,GBR,826,,,,United Kingdom,55.3781,-3.4360000000000004,United Kingdom,2021-08-23,All,90075191
660,AI,AIA,660,,,Anguilla,United Kingdom,18.2206,-63.0686,"Anguilla, United Kingdom",2021-08-23,All,18457
60,BM,BMU,60,,,Bermuda,United Kingdom,32.3078,-64.7505,"Bermuda, United Kingdom",2021-08-23,All,84022
136,KY,CYM,136,,,Cayman Islands,United Kingdom,19.3133,-81.2546,"Cayman Islands, United Kingdom",2021-08-23,All,99790
82601,GB,GBR,826,,,England,United Kingdom,52.3555,-1.1743,"England, United Kingdom",2021-08-23,All,74803203
238,FK,FLK,238,,,Falkland Islands (Malvinas),United Kingdom,-51.7963,-59.5236,"Falkland Islands (Malvinas), United Kingdom",2021-08-23,All,4407
292,GI,GIB,292,,,Gibraltar,United Kingdom,36.1408,-5.3536,"Gibraltar, United Kingdom",2021-08-23,All,78570
833,IM,IMN,833,,,Isle of Man,United Kingdom,54.2361,-4.5481,"Isle of Man, United Kingdom",2021-08-23,All,125989
500,MS,MSR,500,,,Montserrat,United Kingdom,16.742498,-62.187366000000004,"Montserrat, United Kingdom",2021-08-23,All,2828
82602,GB,GBR,826,,,Northern Ireland,United Kingdom,54.7877,-6.4923,"Northern Ireland, United Kingdom",2021-08-23,All,2408221
654,SH,SHN,654,,,"Saint Helena, Ascension and Tristan da Cunha",United Kingdom,-7.9467,-14.3559,"Saint Helena, Ascension and Tristan da Cunha, United Kingdom",2021-08-23,All,7892
82603,GB,GBR,826,,,Scotland,United Kingdom,56.4907,-4.2026,"Scotland, United Kingdom",2021-08-23,All,7636443
82604,GB,GBR,826,,,Wales,United Kingdom,52.1307,-3.7837,"Wales, United Kingdom",2021-08-23,All,4483833
858,UY,URY,858,,,,Uruguay,-32.5228,-55.7658,Uruguay,2021-08-23,All,5287026
860,UZ,UZB,860,,,,Uzbekistan,41.377491,64.585262,Uzbekistan,2021-08-23,All,12103334
862,VE,VEN,862,,,,Venezuela,6.4238,-66.5897,Venezuela,2021-08-23,All,4678086
704,VN,VNM,704,,,,Vietnam,14.058323999999999,108.277199,Vietnam,2021-08-23,All,16306199
894,ZM,ZMB,894,,,,Zambia,-13.133897,27.849332,Zambia,2021-08-23,All,548267
716,ZW,ZWE,716,,,,Zimbabwe,-19.015438,29.154857,Zimbabwe,2021-08-23,All,3753242
